t_seconds,soc_percent
0,10.0
1,10.070466666666666
2,10.140940536592593
3,10.211421610514112
4,10.28190988916763
5,10.352405373289635
6,10.422908063616683
7,10.493417960885408
8,10.56393506583252
9,10.634459379194805
10,10.704990901709122
11,10.775529634112408
12,10.846075577141672
13,10.916628731534002
14,10.98718909802656
15,11.057756677356581
16,11.128331470261378
17,11.198913477478337
18,11.269502699744924
19,11.340099137798676
20,11.410702792377206
21,11.481313664218204
22,11.551931754059435
23,11.622557062638739
24,11.69318959069403
25,11.763829338963301
26,11.834476308184618
27,11.90513049909612
28,11.975791912436028
29,12.046460548942633
30,12.117136409354304
31,12.187819494409482
32,12.258509804846687
33,12.329207341404516
34,12.399912104821636
35,12.470624095836795
36,12.541343315188817
37,12.612069763616592
38,12.682803441859095
39,12.753544350655375
40,12.824292490744552
41,12.895047862865827
42,12.965810467758477
43,13.036580306161847
44,13.107357378815365
45,13.178141686458533
46,13.248933229830929
47,13.3197320096722
48,13.390538026722076
49,13.461351281720363
50,13.53217177540694
51,13.60299950852176
52,13.673834481804853
53,13.744676695996327
54,13.815526151836362
55,13.886382850065218
56,13.957246791423222
57,14.028117976650789
58,14.098996406488402
59,14.169882081676622
60,14.240775002956083
61,14.311675171067495
62,14.38258258675165
63,14.453497250749406
64,14.524419163801705
65,14.59534832664956
66,14.66628474003406
67,14.737228404696372
68,14.80817932137774
69,14.87913749081948
70,14.950102913762986
71,15.021075590949726
72,15.092055523121244
73,15.163042711019163
74,15.234037155385177
75,15.305038856961062
76,15.376047816488663
77,15.447064034709904
78,15.518087512366785
79,15.589118250201384
80,15.660156248955847
81,15.731201509372406
82,15.802254032193364
83,15.8733138181611
84,15.944380868018069
85,16.0154551825068
86,16.0865367623699
87,16.157625608350052
88,16.228721721190016
89,16.299825101632628
90,16.370935750420795
91,16.442053668297504
92,16.51317885600582
93,16.58431131428888
94,16.655451043889894
95,16.72659804555216
96,16.797752320019036
97,16.86891386803397
98,16.940082690340482
99,17.011258787682163
100,17.08244216080268
101,17.153632810445785
102,17.224830737355298
103,17.296035942275115
104,17.367248425949214
105,17.438468189121643
106,17.50969523253653
107,17.580929556938077
108,17.652171163070566
109,17.723420051678346
110,17.79467622350585
111,17.865939679297586
112,17.937210419798138
113,18.00848844575216
114,18.07977375790439
115,18.151066356999642
116,18.2223662437828
117,18.293673418998832
118,18.364987883392775
119,18.436309637709744
120,18.50763868269493
121,18.57897501909361
122,18.650318647651115
123,18.721669569112876
124,18.793027784224385
125,18.86439329373122
126,18.935766098379023
127,19.007146198913524
128,19.078533596080526
129,19.1499282906259
130,19.22133028329561
131,19.292739574835682
132,19.36415616599222
133,19.435580057511412
134,19.507011250139513
135,19.578449744622862
136,19.649895541707867
137,19.72134864214102
138,19.792809046668882
139,19.864276756038098
140,19.93575177099538
141,20.007234092287526
142,20.078723720661404
143,20.15022065686396
144,20.22172490164222
145,20.293236455743276
146,20.36475531991431
147,20.436281494902566
148,20.50781498145538
149,20.57935578032015
150,20.65090389224436
151,20.72245931797557
152,20.794022058261408
153,20.865592113849587
154,20.937169485487892
155,21.00875417392419
156,21.08034617990641
157,21.151945504182578
158,21.223552147500783
159,21.295166110609195
160,21.366787394256058
161,21.438415999189694
162,21.5100519261585
163,21.58169517591095
164,21.6533457491956
165,21.725003646761074
166,21.796668869356076
167,21.868341417729386
168,21.940021292629865
169,22.011708494806445
170,22.083403025008135
171,22.155104883984023
172,22.226814072483275
173,22.29853059125513
174,22.370254441048903
175,22.441985622613988
176,22.513724136699857
177,22.585469984056054
178,22.657223165432203
179,22.728983681578004
180,22.800751533243233
181,22.872526721177742
182,22.944309246131464
183,23.0160991088544
184,23.08789631009664
185,23.15970085060834
186,23.231512731139734
187,23.30333195244114
188,23.375158515262946
189,23.446992420355617
190,23.518833668469696
191,23.590682260355806
192,23.662538196764643
193,23.73440147844698
194,23.806272106153667
195,23.878150080635628
196,23.95003540264387
197,24.021928072929473
198,24.093828092243594
199,24.16573546133747
200,24.237650180962405
201,24.309572251869792
202,24.381501674811094
203,24.453438450537853
204,24.525382579801686
205,24.59733406335429
206,24.669292901947433
207,24.741259096332964
208,24.81323264726281
209,24.885213555488978
210,24.95720182176354
211,25.02919744683865
212,25.101200431466552
213,25.173210776399547
214,25.24522848239002
215,25.31725355019044
216,25.38928598055335
217,25.461325774231362
218,25.533372931977173
219,25.605427454543552
220,25.677489342683344
221,25.749558597149484
222,25.821635218694972
223,25.893719208072884
224,25.965810566036374
225,26.037909293338686
226,26.110015390733114
227,26.18212885897305
228,26.254249698811964
229,26.326377911003394
230,26.398513496300964
231,26.470656455458364
232,26.542806789229367
233,26.614964498367822
234,26.687129583627655
235,26.759302045762865
236,26.83148188552755
237,26.90366910367585
238,26.975863700961998
239,27.048065678140322
240,27.120275035965204
241,27.1924917751911
242,27.264715896572568
243,27.33694740086422
244,27.409186288820752
245,27.481432561196943
246,27.553686218747643
247,27.625947262227786
248,27.69821569239237
249,27.770491509996482
250,27.842774715795283
251,27.91506531054401
252,27.987363294997973
253,28.059668669912575
254,28.13198143604328
255,28.20430159414563
256,28.276629144975253
257,28.348964089287847
258,28.421306427839195
259,28.49365616138515
260,28.566013290681646
261,28.638377816484688
262,28.710749739550373
263,28.78312906063486
264,28.85551578049439
265,28.927909899885286
266,29.00031141956394
267,29.07272034028683
268,29.1451366628105
269,29.217560387891588
270,29.289991516286797
271,29.36243004875291
272,29.434875986046784
273,29.50732932892536
274,29.579790078145653
275,29.65225823446475
276,29.72473379863983
277,29.797216771428133
278,29.869707153586987
279,29.942204945873797
280,30.014710149046042
281,30.087222763861277
282,30.159742791077136
283,30.232270231451334
284,30.30480508574166
285,30.37734735470598
286,30.449897039102236
287,30.522454139688453
288,30.595018657222735
289,30.667590592463252
290,30.740169946168262
291,30.81275671909609
292,30.88535091200515
293,30.95795252565393
294,31.030561560800997
295,31.103178018204993
296,31.175801898624634
297,31.248433202818717
298,31.32107193154611
299,31.39371808556578
300,31.46637166563675
301,31.539032672518125
302,31.611701106969093
303,31.684376969748918
304,31.75706026161694
305,31.829750983332573
306,31.902449135655313
307,31.975154719344733
308,32.04786773516049
309,32.1205881838623
310,32.19331606620999
311,32.266051382963425
312,32.338794134882576
313,32.41154432272747
314,32.48430194725824
315,32.55706700923507
316,32.62983950941823
317,32.702619448568086
318,32.77540682744505
319,32.848201646809635
320,32.92100390742242
321,32.993813610044064
322,33.06663075543531
323,33.13945534435698
324,33.21228737756996
325,33.28512685583522
326,33.35797377991382
327,33.430828150566875
328,33.5036899685556
329,33.57655923464127
330,33.64943594958526
331,33.722320114149
332,33.795211729094
333,33.86811079518186
334,33.94101731317426
335,34.01393128383294
336,34.08685270791973
337,34.159781586196544
338,34.232717919425355
339,34.30566170836823
340,34.378612953787304
341,34.4515716564448
342,34.52453781710301
343,34.597511436524314
344,34.67049251547116
345,34.74348105470607
346,34.816477054991665
347,34.88948051709062
348,34.9624914417657
349,35.03550982977975
350,35.10853568189568
351,35.1815689988765
352,35.25460978148527
353,35.32765803048515
354,35.40071374663938
355,35.47377693071126
356,35.54684758346418
357,35.6199257056616
358,35.69301129806707
359,35.76610436144421
360,35.83920489655671
361,35.91231290416836
362,35.98542838504301
363,36.05855133994459
364,36.13168176963712
365,36.20481967488468
366,36.27796505645145
367,36.35111791510167
368,36.42427825159965
369,36.49744606670981
370,36.57062136119663
371,36.64380413582466
372,36.71699439135855
373,36.790192128563
374,36.86339734820281
375,36.93661005104285
376,37.009830237848064
377,37.08305790938349
378,37.15629306641423
379,37.22953570970546
380,37.30278584002245
381,37.376043458130546
382,37.44930856479515
383,37.522581160781776
384,37.59586124685599
385,37.669148823783445
386,37.742443892329874
387,37.81574645326109
388,37.88905650734298
389,37.962374055341506
390,38.03569909802272
391,38.109031636152736
392,38.182371670497766
393,38.255719201824085
394,38.32907423089805
395,38.4024367584861
396,38.47580678535474
397,38.549184312270576
398,38.622569340000275
399,38.69596186931059
400,38.76936190096834
401,38.84276943574044
402,38.91618447439387
403,38.9896070176957
404,39.06303706641306
405,39.136474621313184
406,39.20991968316336
407,39.28337225273098
408,39.356832330783476
409,39.4302999180884
410,39.50377501541336
411,39.577257623526044
412,39.65074774319423
413,39.72424537518576
414,39.79775052026856
415,39.87126317921063
416,39.94478335278006
417,40.01831104174501
418,40.09184624687372
419,40.165388968934515
420,40.23893920869578
421,40.312496966926005
422,40.386062244393734
423,40.45963504186761
424,40.53321536011633
425,40.6068031999087
426,40.68039856201358
427,40.75400144719992
428,40.82761185623674
429,40.90122978989316
430,40.97485524893835
431,41.04848823414157
432,41.122128746272175
433,41.19577678609957
434,41.26943235439326
435,41.34309545192282
436,41.41676607945791
437,41.49044423776825
438,41.56412992762367
439,41.637823149794045
440,41.711523905049354
441,41.78523219415965
442,41.85894801789505
443,41.93267137702577
444,42.006402272322084
445,42.08014070455437
446,42.15388667449305
447,42.227640182908665
448,42.301401230571805
449,42.375169818253156
450,42.44894594672346
451,42.52272961675357
452,42.5965208291144
453,42.67031958457693
454,42.74412588391224
455,42.817939727891485
456,42.89176111728589
457,42.965590052866766
458,43.039426535405504
459,43.11327056567357
460,43.187122144442505
461,43.26098127248394
462,43.33484795056957
463,43.408722179471184
464,43.48260395996064
465,43.55649329280988
466,43.630390178790925
467,43.70429461867587
468,43.77820661323689
469,43.85212616324624
470,43.92605326947626
471,43.99998793269936
472,44.07393015368804
473,44.14787993321486
474,44.221837272052475
475,44.295802170973616
476,44.369774630751095
477,44.44375465215779
478,44.51774223596668
479,44.591737382950804
480,44.66574009388329
481,44.739750369537326
482,44.81376821068621
483,44.8877936181033
484,44.96182659256204
485,45.03586713483595
486,45.109915245698616
487,45.18397092592373
488,45.25803417628505
489,45.33210499755641
490,45.406183390511714
491,45.48026935592497
492,45.55436289457024
493,45.62846400722169
494,45.70257269465354
495,45.776688957640104
496,45.85081279695577
497,45.924944213375014
498,45.99908320767238
499,46.0732297806225
500,46.14738393300007
501,46.22154566557989
502,46.29571497913682
503,46.3698918744458
504,46.444076352281854
505,46.51826841342009
506,46.59246805863568
507,46.6666752887039
508,46.74089010440008
509,46.81511250649964
510,46.88934249577808
511,46.96358007301098
512,47.037825238974
513,47.11207799444288
514,47.18633834019342
515,47.26060627700153
516,47.33488180564318
517,47.40916492689442
518,47.48345564153139
519,47.5577539503303
520,47.63205985406745
521,47.7063733535192
522,47.780694449462004
523,47.855023142672394
524,47.929359433926976
525,48.003703324002444
526,48.078054813675564
527,48.152413903723186
528,48.22678059492223
529,48.301154888049716
530,48.375536783882715
531,48.4499262831984
532,48.524323386774014
533,48.59872809538688
534,48.67314040981441
535,48.74756033083408
536,48.82198785922345
537,48.89642299576017
538,48.97086574122196
539,49.045316096386614
540,49.11977406203202
541,49.19423963893614
542,49.26871282787701
543,49.34319362963275
544,49.41768204498156
545,49.49217807470171
546,49.56668171957157
547,49.64119298036957
548,49.715711857874226
549,49.790238352864144
550,49.86477246611799
551,49.93931419841453
552,50.01386355053259
553,50.08842052325109
554,50.162985117349024
555,50.237557333605466
556,50.31213717279957
557,50.386724635710564
558,50.46131972311777
559,50.535922435800586
560,50.61053277453848
561,50.685150740110984
562,50.759776333297744
563,50.83440955487848
564,50.909050405632975
565,50.98369888634111
566,51.058354997782814
567,51.133018740738144
568,51.207690115987205
569,51.282369124310165
570,51.35705576648731
571,51.431750043299
572,51.50645195552565
573,51.58116150394777
574,51.65587868934595
575,51.73060351250086
576,51.805335974193255
577,51.88007607520395
578,51.95482381631387
579,52.02957919830398
580,52.10434222195537
581,52.179112888049175
582,52.25389119736662
583,52.32867715068902
584,52.40347074879775
585,52.478271992474305
586,52.553080882500204
587,52.627897419657074
588,52.70272160472664
589,52.77755343849068
590,52.85239292173106
591,52.92724005522973
592,53.00209483976871
593,53.07695727613011
594,53.15182736509612
595,53.22670510744899
596,53.301590503971084
597,53.37648355544482
598,53.45138426265271
599,53.526292626377334
600,53.601208647401364
601,53.67613232650754
602,53.75106366447869
603,53.82600266209773
604,53.90094932014763
605,53.97590363941147
606,54.0508656206724
607,54.125835264713615
608,54.200812572318455
609,54.27579754427029
610,54.35079018135259
611,54.425790484348916
612,54.50079845404288
613,54.57581409121819
614,54.65083739665864
615,54.72586837114808
616,54.80090701547047
617,54.875953330409835
618,54.95100731675028
619,55.02606897527599
620,55.10113830677123
621,55.176215312020375
622,55.25129999180783
623,55.3263923469181
624,55.401492378135785
625,55.47660008624554
626,55.551715472032136
627,55.62683853628039
628,55.70196927977521
629,55.77710770330159
630,55.852253807644594
631,55.92740759358937
632,56.00256906192116
633,56.07773821342526
634,56.15291504888709
635,56.22809956909208
636,56.3032917748258
637,56.378491666873884
638,56.45369924602206
639,56.52891451305611
640,56.604137468761884
641,56.67936811392536
642,56.754606449332556
643,56.82985247576959
644,56.90510619402267
645,56.980367604878055
646,57.05563670912211
647,57.13091350754127
648,57.20619800092205
649,57.28149019005103
650,57.356790075714905
651,57.43209765870042
652,57.50741293979442
653,57.58273591978382
654,57.65806659945562
655,57.733404979596905
656,57.80875106099482
657,57.884104844436614
658,57.95946633070961
659,58.03483552060119
660,58.110212414898854
661,58.185597014390154
662,58.26098931986273
663,58.33638933210432
664,58.41179705190272
665,58.487212480045805
666,58.56263561732153
667,58.63806646451797
668,58.71350502242323
669,58.78895129182552
670,58.86440527351313
671,58.93986696827442
672,59.01533637689786
673,59.09081350017193
674,59.166298338885284
675,59.24179089382658
676,59.31729116578461
677,59.392799155548225
678,59.46831486390634
679,59.54383829164799
680,59.61936943956224
681,59.694908308438286
682,59.77045489906537
683,59.84600921223283
684,59.921571248730075
685,59.99714100934661
686,60.072718494872014
687,60.14830370609593
688,60.223896643808104
689,60.29949730879836
690,60.37510570185659
691,60.45072182377278
692,60.52634567533699
693,60.60197725733936
694,60.677616570570116
695,60.753263615819556
696,60.82891839387806
697,60.9045809055361
698,60.98025115158422
699,61.05592913281305
700,61.13161485001329
701,61.207308303975736
702,61.28300949549126
703,61.35871842535079
704,61.43443509434539
705,61.51015950326615
706,61.585891652904266
707,61.66163154405101
708,61.73737917749773
709,61.81313455403588
710,61.888897674456956
711,61.96466853955257
712,62.04044715011439
713,62.11623350693418
714,62.19202761080378
715,62.2678294625151
716,62.34363906286017
717,62.41945641263105
718,62.4952815126199
719,62.57111436361896
720,62.64695496642057
721,62.722803321817146
722,62.798659430601155
723,62.874523293565176
724,62.95039491150185
725,63.02627428520392
726,63.10216141546419
727,63.17805630307555
728,63.25395894883098
729,63.32986935352353
730,63.40578751794633
731,63.481713442892605
732,63.55764712915566
733,63.63358857752887
734,63.70953778880568
735,63.785494763779646
736,63.86145950324439
737,63.937432007993614
738,64.0134122788211
739,64.08940031652071
740,64.1653961218864
741,64.24139969571219
742,64.3174110387922
743,64.39343015192061
744,64.4694570358917
745,64.5454916914998
746,64.62153411953938
747,64.69758432080494
748,64.77364229609107
749,64.84970804619245
750,64.92578157190384
751,65.00186287402008
752,65.07795195333608
753,65.15404881064687
754,65.23015344674751
755,65.30626586243318
756,65.38238605849912
757,65.45851403574066
758,65.53464979495321
759,65.61079333693225
760,65.68694466247335
761,65.76310377237218
762,65.83927066742446
763,65.91544534842602
764,65.99162781617275
765,66.06781807146062
766,66.1440161150857
767,66.22022194784414
768,66.29643557053214
769,66.37265698394602
770,66.44888618888216
771,66.52512318613702
772,66.60136797650716
773,66.67762056078921
774,66.75388093977986
775,66.83014911427593
776,66.90642508507428
777,66.98270885297185
778,67.05900041876572
779,67.13529978325298
780,67.21160694723082
781,67.28792191149654
782,67.36424467684749
783,67.44057524408113
784,67.51691361399497
785,67.59325978738663
786,67.66961376505378
787,67.74597554779422
788,67.82234513640577
789,67.89872253168639
790,67.97510773443408
791,68.05150074544693
792,68.12790156552313
793,68.20431019546093
794,68.28072663605869
795,68.35715088811482
796,68.43358295242783
797,68.5100228297963
798,68.5864705210189
799,68.66292602689438
800,68.73938934822158
801,68.81586048579939
802,68.89233944042682
803,68.96882621290295
804,69.04532080402694
805,69.12182321459802
806,69.19833344541551
807,69.27485149727882
808,69.35137737098742
809,69.4279110673409
810,69.5044525871389
811,69.58100193118113
812,69.65755910026743
813,69.73412409519769
814,69.81069691677186
815,69.88727756579001
816,69.96386604305229
817,70.04046234935892
818,70.1170664855102
819,70.19367845230649
820,70.27029825054828
821,70.34692588103611
822,70.42356134457062
823,70.50020464195251
824,70.57685577398257
825,70.65351474146169
826,70.73018154519082
827,70.80685618597099
828,70.88353866460334
829,70.96022898188905
830,71.03692713862942
831,71.11363313562582
832,71.19034697367968
833,71.26706865359255
834,71.34379817616602
835,71.4205355422018
836,71.49728075250168
837,71.5740338078675
838,71.65079470910119
839,71.72756345700479
840,71.8043400523804
841,71.8811244960302
842,71.95791678875646
843,72.03471693136153
844,72.11152492464785
845,72.18834076941793
846,72.26516446647436
847,72.34199601661982
848,72.41883542065708
849,72.49568267938896
850,72.57253779361841
851,72.64940076414842
852,72.7262715917821
853,72.80315027732259
854,72.88003682157316
855,72.95693122533714
856,73.03383348941796
857,73.1107436146191
858,73.18766160174414
859,73.26458745159677
860,73.3415211649807
861,73.41846274269979
862,73.49541218555792
863,73.57236949435911
864,73.64933466990742
865,73.726307713007
866,73.80328862446211
867,73.88027740507705
868,73.95727405565624
869,74.03427857700416
870,74.11129096992536
871,74.18831123522452
872,74.26533937370634
873,74.34237538617565
874,74.41941927343734
875,74.4964710362964
876,74.57353067555789
877,74.65059819202695
878,74.7276735865088
879,74.80475685980875
880,74.88184801273219
881,74.9589470460846
882,75.03605396067154
883,75.11316875729862
884,75.19029143677159
885,75.26742199989624
886,75.34456044747846
887,75.4217067803242
888,75.49886099923953
889,75.57602310503056
890,75.65319309850352
891,75.7303709804647
892,75.80755675172048
893,75.88475041307733
894,75.96195196534177
895,76.03916140932044
896,76.11637874582006
897,76.1936039756474
898,76.27083709960937
899,76.34807811851289
900,76.425327033165
901,76.50258384437284
902,76.57984855294359
903,76.65712115968455
904,76.7344016654031
905,76.81169007090668
906,76.88898637700281
907,76.96629058449912
908,77.04360269420332
909,77.12092270692317
910,77.19825062346654
911,77.27558644464138
912,77.35293017125572
913,77.43028180411767
914,77.50764134403542
915,77.58500879181726
916,77.66238414827153
917,77.73976741420668
918,77.81715859043125
919,77.89455767775382
920,77.9719646769831
921,78.04937958892786
922,78.12680241439695
923,78.20423315419931
924,78.28167180914397
925,78.35911838004002
926,78.43657286769664
927,78.51403527292311
928,78.59150559652879
929,78.6689838393231
930,78.74647000211557
931,78.82396408571579
932,78.90146609093344
933,78.9789760185783
934,79.0564938694602
935,79.13401964438907
936,79.21155334417494
937,79.28909496962791
938,79.36664452155814
939,79.4442020007759
940,79.52176740809153
941,79.59934074431547
942,79.67692201025822
943,79.75451120673038
944,79.83210833454262
945,79.90971339450572
946,79.98732638743049
947,80.06494731412786
948,80.14257617540886
949,80.22021297208457
950,80.29785770496616
951,80.37551037486489
952,80.4531709825921
953,80.5308395289592
954,80.60851601477772
955,80.68620044085922
956,80.7638928080154
957,80.841593117058
958,80.91930136879886
959,80.99701756404988
960,81.0747417036231
961,81.15247378833058
962,81.2302138189845
963,81.30796179639711
964,81.38571772138074
965,81.46348159474782
966,81.54125341731084
967,81.61903318988239
968,81.69682091327513
969,81.77461658830183
970,81.8524202157753
971,81.93023179650847
972,82.00805133131433
973,82.08587882100598
974,82.16371426639657
975,82.24155766829935
976,82.31940902752767
977,82.39726834489493
978,82.47513562121462
979,82.55301085730035
980,82.63089405396576
981,82.70878521202461
982,82.78668433229073
983,82.86459141557803
984,82.94250646270052
985,83.02042947447227
986,83.09836045170744
987,83.17629939522028
988,83.25424630582513
989,83.3322011843364
990,83.41016403156857
991,83.48813484833624
992,83.56611363545407
993,83.6441003937368
994,83.72209512399928
995,83.8000978270564
996,83.87810850372317
997,83.95612715481467
998,84.03415378114605
999,84.11218838353257
1000,84.19023096278956
1001,84.26828151973243
1002,84.34634005517667
1003,84.42440656993786
1004,84.50248106483167
1005,84.58056354067385
1006,84.65865399828023
1007,84.73675243846672
1008,84.81485886204932
1009,84.8929732698441
1010,84.97109566266724
1011,85.04922604133498
1012,85.12736440666365
1013,85.20551075946966
1014,85.28366510056952
1015,85.3618274307798
1016,85.43999775091717
1017,85.51817606179837
1018,85.59636236424025
1019,85.6745566590597
1020,85.75275894707374
1021,85.83096922909944
1022,85.90918750595397
1023,85.98741377845458
1024,86.0656480474186
1025,86.14389031366345
1026,86.22214057800662
1027,86.3003988412657
1028,86.37866510425836
1029,86.45693936780235
1030,86.5352216327155
1031,86.61351189981573
1032,86.69181016992106
1033,86.77011644384953
1034,86.84843072241935
1035,86.92675300644875
1036,87.00508329675607
1037,87.08340928754964
1038,87.16162214080096
1039,87.23972201993091
1040,87.31770908812435
1041,87.39558350833039
1042,87.4733454432628
1043,87.5509950554003
1044,87.62853250698696
1045,87.70595796003242
1046,87.78327157631237
1047,87.86047351736882
1048,87.9375639445104
1049,88.01454301881277
1050,88.09141090111893
1051,88.16816775203954
1052,88.24481373195326
1053,88.3213490010071
1054,88.39777371911676
1055,88.47408804596692
1056,88.55029214101164
1057,88.62638616347462
1058,88.7023702723496
1059,88.77824462640065
1060,88.85400938416251
1061,88.92966470394094
1062,89.00521074381302
1063,89.08064766162751
1064,89.15597561500516
1065,89.23119476133904
1066,89.30630525779489
1067,89.3813072613114
1068,89.45620092860062
1069,89.5309864161482
1070,89.60566388021375
1071,89.68023347683122
1072,89.75469536180913
1073,89.82904969073095
1074,89.90329661895545
1075,89.97743630161696
1076,90.05146889362574
1077,90.12539454966829
1078,90.19921342420766
1079,90.2729256714838
1080,90.34653144551389
1081,90.4200309000926
1082,90.49342418879246
1083,90.5667114649642
1084,90.63989288173703
1085,90.71296859201897
1086,90.78593874849716
1087,90.85880350363821
1088,90.93156300968852
1089,91.00421741867453
1090,91.0767668824031
1091,91.14921155246186
1092,91.22155158021943
1093,91.29378711682578
1094,91.36591831321259
1095,91.4379453200935
1096,91.50986828796448
1097,91.58168736710408
1098,91.65340270757382
1099,91.72501445921843
1100,91.79652277166622
1101,91.86792779432936
1102,91.93922967640422
1103,92.01042856687164
1104,92.08152461449727
1105,92.15251796783188
1106,92.22340877521168
1107,92.2941971847586
1108,92.36488334438062
1109,92.43546740177207
1110,92.50594950441396
1111,92.57632979957425
1112,92.6466084343082
1113,92.71678555545866
1114,92.78686130965633
1115,92.85683584332016
1116,92.92670930265758
1117,92.99648183366486
1118,93.06615358212734
1119,93.13572469361982
1120,93.20519531350682
1121,93.27456558694287
1122,93.34383565887285
1123,93.41300567403225
1124,93.48207577694754
1125,93.55104611193639
1126,93.61991682310803
1127,93.68868805436354
1128,93.75735994939612
1129,93.82593265169143
1130,93.89440630452788
1131,93.96278105097689
1132,94.03105703390325
1133,94.0992343959654
1134,94.16731327961567
1135,94.23529382710066
1136,94.30317618046152
1137,94.37096048153418
1138,94.43864687194974
1139,94.50623549313471
1140,94.57372648631129
1141,94.64111999249772
1142,94.70841615250856
1143,94.77561510695494
1144,94.8427169962449
1145,94.90972196058367
1146,94.97663013997393
1147,95.0434416742162
1148,95.110156702909
1149,95.17677536544923
1150,95.24329780103247
1151,95.3097241486532
1152,95.37605454710514
1153,95.44228913498155
1154,95.50842805067546
1155,95.57447143238004
1156,95.64041941808883
1157,95.70627214559603
1158,95.77202975249683
1159,95.83769237618768
1160,95.90326015386651
1161,95.96873322253315
1162,96.0341117189895
1163,96.09939577983984
1164,96.16458554149118
1165,96.22968114015347
1166,96.29468271183993
1167,96.35959039236727
1168,96.42440431735606
1169,96.48912462223099
1170,96.5537514422211
1171,96.61828491236011
1172,96.6827251674867
1173,96.74707234224476
1174,96.81132657108374
1175,96.87548798825884
1176,96.93955672783136
1177,97.00353292366894
1178,97.06734657436859
1179,97.12980123065518
1180,97.19092583407641
1181,97.2507487098322
1182,97.30929757990059
1183,97.36659957588418
1184,97.42268125158294
1185,97.47756859529923
1186,97.53128704188082
1187,97.58386148450742
1188,97.63531628622624
1189,97.6856752912418
1190,97.73496183596535
1191,97.78319875982905
1192,97.83040841586973
1193,97.87661268108731
1194,97.92183296658267
1195,97.96609022747953
1196,98.00940497263505
1197,98.05179727414375
1198,98.09328677663883
1199,98.1338927063956
1200,98.17363388024089
1201,98.21252871427279
1202,98.25059523239476
1203,98.28785107466783
1204,98.32431350548508
1205,98.35999942157197
1206,98.39492535981627
1207,98.4291075049313
1208,98.4625616969559
1209,98.4953034385948
1210,98.52734790240251
1211,98.55870993781431
1212,98.58940407802753
1213,98.6194445467362
1214,98.64884526472238
1215,98.677619856307
1216,98.70578165566343
1217,98.73334371299653
1218,98.76031880059013
1219,98.78671941872571
1220,98.81255780147507
1221,98.83784592236958
1222,98.86259549994875
1223,98.88681800319058
1224,98.91052465682634
1225,98.93372644654208
1226,98.95643412406943
1227,98.97865821216796
1228,99.00040900950141
1229,99.02169659541018
1230,99.042530834582
1231,99.06292138162331
1232,99.08287768553319
1233,99.10240899408203
1234,99.12152435809695
1235,99.14023263565599
1236,99.15854249619295
1237,99.17646242451477
1238,99.19400072473343
1239,99.21116552411411
1240,99.2279647768413
1241,99.24440626770487
1242,99.26049761570745
1243,99.27624627759516
1244,99.29165955131305
1245,99.30674457938693
1246,99.32150835223332
1247,99.33595771139872
1248,99.35009935273004
1249,99.36393982947746
1250,99.37748555533118
1251,99.39074280739356
1252,99.40371772908796
1253,99.41641633300553
1254,99.42884450369152
1255,99.44100800037216
1256,99.4529124596235
1257,99.46456339798337
1258,99.47596621450779
1259,99.4871261932729
1260,99.49804850582358
1261,99.50873821356993
1262,99.51920027013279
1263,99.52943952363921
1264,99.53946071896912
1265,99.54926849995404
1266,99.55886741152909
1267,99.56826190183912
1268,99.57745632429996
1269,99.58645493961579
1270,99.5952619177536
1271,99.60388133987551
1272,99.61231720023002
1273,99.6205734080029
1274,99.62865378912876
1275,99.63656208806398
1276,99.64430196952188
1277,99.65187702017094
1278,99.65929075029693
1279,99.6665465954295
1280,99.67364791793423
1281,99.68059800857081
1282,99.68740008801791
1283,99.69405730836567
1284,99.7005727545764
1285,99.70694944591412
1286,99.71319033734373
1287,99.71929832090031
1288,99.72527622702928
1289,99.7311268258981
1290,99.7368528286799
1291,99.74245688880987
1292,99.74794160321484
1293,99.75330951351674
1294,99.75856310721036
1295,99.76370481881607
1296,99.76873703100794
1297,99.77366207571797
1298,99.77848223521656
1299,99.78319974317029
1300,99.78781678567684
1301,99.79233550227816
1302,99.79675798695187
1303,99.80108628908161
1304,99.80532241440672
1305,99.80946832595176
1306,99.81352594493612
1307,99.81749715166433
1308,99.8213837863974
1309,99.8251876502056
1310,99.82891050580308
1311,99.83255407836468
1312,99.83612005632543
1313,99.83961009216294
1314,99.84302580316317
1315,99.84636877216988
1316,99.84964054831812
1317,99.85284264775208
1318,99.85597655432774
1319,99.85904372030039
1320,99.8620455669977
1321,99.8649834854783
1322,99.86785883717646
1323,99.87067295453288
1324,99.87342714161227
1325,99.87612267470756
1326,99.87876080293138
1327,99.88134274879488
1328,99.88386970877424
1329,99.88634285386516
1330,99.88876333012544
1331,99.8911322592061
1332,99.89345073887115
1333,99.8957198435063
1334,99.89794062461681
1335,99.90011411131478
1336,99.90224131079604
1337,99.90432320880687
1338,99.9063607701008
1339,99.9083549388857
1340,99.91030663926128
1341,99.91221677564738
1342,99.91408623320304
1343,99.91591587823667
1344,99.91770655860756
1345,99.9194591041187
1346,99.92117432690137
1347,99.92285302179143
1348,99.92449596669772
1349,99.9261039229625
1350,99.92767763571422
1351,99.92921783421289
1352,99.93072523218798
1353,99.93220052816916
1354,99.93364440581
1355,99.93505753420479
1356,99.93644056819858
1357,99.93779414869064
1358,99.93911890293148
1359,99.9404154448135
1360,99.94168437515543
1361,99.94292628198083
1362,99.9441417407905
1363,99.94533131482922
1364,99.94649555534674
1365,99.94763500185324
1366,99.94875018236934
1367,99.94984161367073
1368,99.95090980152774
1369,99.95195524093965
1370,99.95297841636409
1371,99.95397980194151
1372,99.95495986171498
1373,99.95591904984512
1374,99.95685781082064
1375,99.95777657966427
1376,99.95867578213438
1377,99.95955583492226
1378,99.96041714584521
1379,99.96126011403554
1380,99.96208513012553
1381,99.96289257642842
1382,99.96368282711559
1383,99.96445624838998
1384,99.96521319865575
1385,99.96595402868438
1386,99.96667908177722
1387,99.96738869392455
1388,99.96808319396133
1389,99.96876290371956
1390,99.96942813817739
1391,99.97007920560509
1392,99.97071640770794
1393,99.971340039766
1394,99.97195039077098
1395,99.97254774356013
1396,99.97313237494727
1397,99.97370455585117
1398,99.974264551421
1399,99.97481262115926
1400,99.97534901904199
1401,99.97587399363645
1402,99.97638778821641
1403,99.97689064087477
1404,99.97738278463392
1405,99.97786444755376
1406,99.97833585283733
1407,99.97879721893432
1408,99.9792487596422
1409,99.97969068420538
1410,99.98012319741211
1411,99.98054649968945
1412,99.98096078719607
1413,99.98136625191319
1414,99.98176308173355
1415,99.98215146054848
1416,99.9825315683331
1417,99.9829035812297
1418,99.98326767162945
1419,99.98362400825215
1420,99.98397275622456
1421,99.98431407715681
1422,99.98464812921736
1423,99.98497506720625
1424,99.98529504262686
1425,99.9856082037561
1426,99.98591469571315
1427,99.98621466052667
1428,99.98650823720064
1429,99.98679556177878
1430,99.98707676740756
1431,99.98735198439795
1432,99.98762134028577
1433,99.98788495989079
1434,99.98814296537459
1435,99.98839547629717
1436,99.98864260967233
1437,99.9888844800219
1438,99.98912119942884
1439,99.98935287758916
1440,99.98957962186272
1441,99.98980153732305
1442,100.0
